,centroidx,centroidy,minor_axis_length,major_axis_length,orientation
0,2.9166666666666665,206.16666666666666,2.9693109114997,4.894994431930091,-1.4064408273784121
1,18.511848341232227,212.44549763033174,12.77223349972816,21.136554271065343,1.4226925352009845
2,16.892857142857142,431.5,7.037798821002059,10.05698051817031,1.5707963267948966
3,38.61904761904762,73.9047619047619,4.151074905373904,6.422915062567004,1.467359352305025
4,56.46762589928058,279.53237410071944,11.585767113970212,15.290324251008032,1.547207727568938
5,62.111111111111114,3.6666666666666665,2.7954428906961324,3.885753375057407,1.2164831907310614
6,83.0,284.3097826086956,13.061726365690484,17.91609039093156,1.5707963267948966
7,100.88826815642459,378.18435754189943,12.893206769018198,17.66966900107687,-1.5356746218776245
8,269.63157894736844,141.21052631578948,5.976309720697252,8.061127902727248,-1.555649446835509
