,centroidx,centroidy,minor_axis_length,major_axis_length,orientation
0,10.0,226.5,2.8284271247461903,3.4641016151377544,1.5707963267948966
1,23.793333333333333,29.833333333333332,11.732469717565404,16.30034760685147,1.5609384649926263
2,97.17777777777778,124.14444444444445,9.015066256267962,12.699088628718087,-1.5678825636955422
3,126.39716312056737,249.38297872340425,11.329676010228992,16.16893713944122,1.2198876893257664
4,148.0,87.5,7.277741218357472,10.055021048006914,1.5707963267948966
5,160.2173913043478,410.39130434782606,4.820294404911255,6.013934515175301,1.404004166045
6,241.48850574712642,190.98275862068965,10.601792795085553,20.917125851432754,1.5409504326497705
7,296.8,341.22222222222223,6.541523575140528,8.776262889381506,1.4767611550350859
8,342.1162790697674,314.72093023255815,6.4303015659460625,8.538720038090789,1.446977034277077
