,centroidx,centroidy,minor_axis_length,major_axis_length,orientation
0,0.8,101.6,2.9735652336328955,6.342284798713821,1.5094619990426683
1,5.0227272727272725,480.97727272727275,6.553799429458231,8.735211009789085,-0.9291091026776488
2,56.59863945578231,16.45578231292517,11.742637730625358,15.928145306816711,-1.5500125645126845
3,195.9081081081081,346.3783783783784,13.102293811249783,17.951323454200136,-1.5538107479157646
4,203.22857142857143,67.77142857142857,5.786102058952786,7.682487539860838,-1.4409892344562822
5,228.38235294117646,159.5,8.000865005138495,10.813934365927519,-1.5707963267948966
6,247.65079365079364,404.06349206349205,7.73936585774904,10.379662263651067,1.5208278443947674
7,293.61467889908255,346.2844036697248,10.060323428359853,13.77409424729291,1.5476625847689347
8,299.14285714285717,329.42857142857144,2.5058084612197167,3.6486656040768595,1.380543138238714
