,centroidx,centroidy,minor_axis_length,major_axis_length,orientation
0,10.63768115942029,209.2753623188406,8.023012899622778,10.918618280492437,-1.5322177065640576
1,13.38888888888889,64.36111111111111,5.832518571242798,7.840634813368219,1.555506447670165
2,48.743589743589745,467.84615384615387,8.54438727415843,11.627718349353628,-1.5143564201539907
3,55.9,350.9,2.7572468289833445,4.569200140512701,-1.4366132213419431
4,88.2,386.5,2.9933259094191533,4.09878030638384,1.5707963267948966
5,120.36,154.5,6.681796165702751,9.54148835350125,-1.5707963267948966
6,133.0,418.73770491803276,7.242859683401483,10.666980197846641,1.5707963267948966
7,166.53623188405797,438.7971014492754,8.038811949637221,10.892191803440678,1.5256297285007026
8,221.6060606060606,455.27272727272725,7.749756127885695,10.84442339220698,-1.5627530982900235
