,centroidx,centroidy,minor_axis_length,major_axis_length,orientation
0,38.90384615384615,265.5,9.679784339130237,13.688850038794909,-1.5707963267948966
1,40.16,38.36,4.756528894766083,6.682232626394815,1.5545230054858357
2,72.9,45.93333333333333,9.10185993330033,12.562401184978924,-1.555143079709178
3,113.75,377.5,12.019720637790478,16.085298943608827,1.5707963267948966
4,112.69117647058823,13.75,7.888696264731994,10.962832487833529,1.559630003909142
5,151.5,299.0,4.163331998932265,7.118052168020874,1.5707963267948966
6,165.11290322580646,441.33870967741933,13.118577781281855,18.031422352581032,1.5702976868876775
7,172.09941520467837,265.2046783625731,12.726355045425496,17.113853336908864,-1.5547281321411128
8,334.6585365853659,227.58536585365854,6.209161476087271,8.34329082240437,-1.497594000610478
