,centroidx,centroidy,minor_axis_length,major_axis_length,orientation
0,6.903954802259887,185.4689265536723,12.695263919245694,17.752870340785222,1.554961156016596
1,102.53333333333333,421.44,8.213849510248611,11.601320260149024,1.5345327171029182
2,111.0,63.13793103448276,8.933985222397842,12.372344596738804,1.5707963267948966
3,113.76595744680851,226.54609929078015,11.437618219957184,15.704301398105693,1.5501923087872325
4,150.0,270.0,2.9541957835039856,4.51260859854213,1.5707963267948966
5,207.75,424.7395833333333,9.614546658807935,12.713854245185738,1.5134716109962134
6,301.5609756097561,232.9512195121951,5.986501658709034,8.659738228315963,1.5196557625921459
7,355.4845360824742,222.63917525773195,13.69223463975464,18.370827932447874,0.9594040163794688
8,362.328125,476.34375,7.137711946126071,11.497381742124125,-1.5393304884920664
