,centroidx,centroidy,minor_axis_length,major_axis_length,orientation
0,130.8,159.5,2.9933259094191533,4.09878030638384,1.5707963267948966
1,161.24324324324326,347.7837837837838,5.634033236620347,8.361480323447221,-1.4442227254629965
2,176.86363636363637,341.90909090909093,7.781227752443489,10.803689753758077,-1.5629492175477284
3,191.5,64.75471698113208,9.817197079134454,13.744968981533235,1.5707963267948966
4,196.83870967741936,281.93548387096774,5.45952627667845,7.195502663349808,-1.468531425464003
5,239.64285714285714,260.14285714285717,5.093202333366591,7.02895644935287,1.411571208621819
6,306.2121212121212,370.72727272727275,5.461269298558913,7.70818030519503,-1.5693067582126043
7,310.29411764705884,163.35294117647058,3.8023236200202857,5.661053382547679,-1.4758021828355388
8,326.734693877551,359.30102040816325,14.396884724381758,17.366124255734196,1.3386673925979238
