,centroidx,centroidy,minor_axis_length,major_axis_length,orientation
0,14.358620689655172,441.3724137931035,11.712527494094605,15.763835417570624,-1.559528933709812
1,28.8,133.86666666666667,3.5748987412450277,5.281633700418866,-1.3980185365040405
2,58.296875,142.1328125,10.87759912807872,14.978666642806399,1.5578831345942008
3,61.166666666666664,224.5,4.85340659285368,6.21825270205921,1.5707963267948966
4,62.285714285714285,267.0,3.5225222874108444,5.01426536422407,1.5707963267948966
5,109.40136054421768,295.4557823129252,11.742637730625358,15.928145306816713,1.5500125645126845
6,158.07386363636363,405.66477272727275,12.941575805111253,17.364889173592143,1.4984174026103403
7,327.4527027027027,28.655405405405407,11.891382455323914,15.83734403112118,1.5450090116523587
8,361.85185185185185,1.3333333333333333,4.329691729500601,8.065404620652743,0.0684683224133816
