,centroidx,centroidy,minor_axis_length,major_axis_length,orientation
0,17.076923076923077,477.6923076923077,4.929579246689461,6.651588317750387,-1.4655812251216598
1,17.333333333333332,429.0,4.216370213557839,5.333333333333333,1.5707963267948966
2,35.0,27.5,7.277741218357472,10.055021048006914,1.5707963267948966
3,94.55555555555556,188.24444444444444,6.217772490091621,9.134822618628426,1.5159937651897086
4,227.86138613861385,114.33663366336634,9.66412531878432,13.31451030329977,-1.5400173237024197
5,262.75,353.0,1.7320508075688772,2.8284271247461903,1.5707963267948966
6,298.20512820512823,111.06410256410257,8.76160104115275,11.32426374785763,-1.526800872849134
7,298.4025974025974,80.67532467532467,8.28498359195134,11.808586006979592,-1.5474997078252988
8,350.5657894736842,85.05263157894737,11.873482794615203,16.2985789265211,-1.5652855612995522
