,centroidx,centroidy,minor_axis_length,major_axis_length,orientation
0,35.34615384615385,303.88461538461536,4.5448453608329595,7.2312603471487105,1.4919119579969196
1,79.5,115.0,2.0,3.265986323710904,1.5707963267948966
2,119.48648648648648,68.62612612612612,12.421259205091427,23.225779967658532,1.1547842196443905
3,140.16867469879517,337.6907630522088,12.51278724993843,26.01635100135014,1.1138325463581351
4,180.66666666666666,0.3333333333333333,1.8593259767334247,5.971098560847527,0.05532861058694782
5,264.0769230769231,376.5128205128205,6.101228065328856,8.146779693974452,-1.5491335907506272
6,307.82142857142856,41.107142857142854,5.003740707208879,7.049629267739673,1.4884940969042568
7,336.8484848484849,135.3939393939394,5.118898316339511,8.12261421350932,-1.5215868623867685
