,centroidx,centroidy,minor_axis_length,major_axis_length,orientation
0,88.66666666666667,323.60714285714283,8.765460700428985,12.183732708007211,-1.5121439085865294
1,116.72093023255815,246.46511627906978,9.111848821325646,21.62012008163897,1.2360239197706258
2,121.91666666666667,233.16666666666666,2.9693109114997,4.894994431930091,-1.4064408273784121
3,157.43478260869566,470.1630434782609,9.25559992676901,12.707976241940566,-1.5627186393107575
4,160.0,16.692307692307693,3.1378581622109447,5.055900530816918,1.5707963267948966
5,204.88888888888889,207.33333333333334,2.7954428906961324,3.885753375057407,1.2164831907310614
6,227.44444444444446,475.4111111111111,9.25667872498359,12.408074739278556,1.545904538994583
7,316.1587301587302,438.3174603174603,10.883574272477915,14.741437099889362,-1.5664941737708673
8,362.46666666666664,64.5904761904762,7.527293549038103,18.70346680219241,1.5582854444494814
