,centroidx,centroidy,minor_axis_length,major_axis_length,orientation
0,18.346938775510203,255.14285714285714,6.603549091523318,9.416546968249792,1.4644130915185591
1,24.113513513513514,240.52972972972972,13.099742614990697,17.957403167485236,-1.554670687601166
2,109.80392156862744,161.0,6.906415674588647,9.372466978064098,1.5707963267948966
3,126.5,11.5,4.09878030638384,6.0,1.5707963267948966
4,137.6,44.8,1.7888543819998317,3.098386676965933,1.2490457723982544
5,163.7826086956522,52.77717391304348,13.082085045337646,17.90566479036424,1.5445545659589424
6,175.79310344827587,262.5,12.694651689980498,17.471158499376763,1.5707963267948966
7,221.5084745762712,383.91525423728814,7.487069233127033,10.079208677218658,1.5556525043223772
8,290.5,52.4,3.224903099319419,4.079215610874227,1.5707963267948966
