,centroidx,centroidy,minor_axis_length,major_axis_length,orientation
0,2.1184210526315788,146.19736842105263,6.449968109138657,15.710296746289304,-1.5525555579784927
1,54.1875,279.9791666666667,6.713707061967009,9.07505884507918,1.5422825013792556
2,101.0,4.5,5.0142653642240695,7.050835816716038,1.5707963267948966
3,111.5,59.5,10.05698051817031,14.121918121437025,1.5707963267948966
4,226.92349726775956,253.3169398907104,13.024894173854662,17.874361661796808,-1.552375837518374
5,253.64,104.5,6.681796165702751,9.54148835350125,-1.5707963267948966
6,278.6936936936937,41.93693693693694,10.041719486976396,14.076206954791637,1.5636026746036842
7,331.1219512195122,360.2926829268293,6.06268324545125,8.671578930362974,-1.5254215481874707
8,350.7005076142132,262.8071065989848,13.605071249960929,18.4451032319638,-1.5580299200755607
