,centroidx,centroidy,minor_axis_length,major_axis_length,orientation
0,12.333333333333334,383.5,6.79869268479038,9.018499505645789,1.5707963267948966
1,44.42424242424242,352.54545454545456,5.475741034187033,7.70363033674848,-1.510604916394617
2,73.47474747474747,315.44444444444446,9.533113881037142,13.277517735139527,-1.5445037914307385
3,116.79120879120879,193.5,12.862983551725094,18.0,1.5707963267948966
4,171.8217054263566,267.1007751937984,11.018517895228001,14.890772423420472,1.5629855105448036
5,293.27272727272725,320.22222222222223,13.649862106394007,18.474772528807282,-1.5421064706656462
6,295.8659793814433,370.9381443298969,9.48138068614347,13.021084145164705,1.5476028889331903
7,322.3492063492063,302.06349206349205,7.739365857749041,10.379662263651067,-1.5208278443947674
8,347.93142857142857,442.0,12.960342651051054,17.16341624336068,1.5707963267948966
