,centroidx,centroidy,minor_axis_length,major_axis_length,orientation
0,2.688888888888889,250.2,7.557515164913924,15.517223058449485,-1.5675053439909004
1,32.4,215.93333333333334,3.771236166328254,4.9746021616473675,-1.4056476493802696
2,44.0,66.0,7.108186533109109,10.191155436102768,1.5707963267948966
3,111.31818181818181,450.3636363636364,4.505873562142911,6.146523250593033,1.3808943851075237
4,184.26829268292684,481.9512195121951,6.3053737447942435,8.70260999772406,-0.015876081166840555
5,214.50299401197606,116.8562874251497,11.60981209766941,18.93816574682417,0.92652702206583
6,208.57142857142858,427.6190476190476,4.157977767102647,6.258173505705088,1.4450890187461924
7,273.9642857142857,64.75,5.054207895503233,6.990217866013828,-1.490811892982135
8,314.40909090909093,345.77272727272725,4.062379396262226,6.7414751252203455,-1.4449829444806432
