,centroidx,centroidy,minor_axis_length,major_axis_length,orientation
0,80.8,2.24,5.17264227083518,6.132060986158655,-1.4637659850129858
1,86.6875,474.0,7.774155902733106,10.488088481701515,1.5707963267948966
2,100.89565217391305,169.28695652173914,10.448261124779751,14.034226396418182,-1.557234723693745
3,133.86138613861385,69.33663366336634,9.66412531878432,13.31451030329977,-1.5400173237024197
4,220.640522875817,218.66666666666666,11.999031630729538,16.22215378606869,1.550902336239933
5,314.3577235772358,263.0,10.54150241587751,14.8444509355259,1.5707963267948966
6,345.16,245.24,10.8085405027389,14.729163323171235,1.5590337913022883
