,centroidx,centroidy,minor_axis_length,major_axis_length,orientation
0,14.5,448.0,2.0,3.265986323710904,1.5707963267948966
1,43.5,84.0,7.429670248402684,10.327955589886445,1.5707963267948966
2,52.04255319148936,113.6063829787234,9.29360414053632,12.841660094584574,1.5413595203098978
3,90.0,0.4166666666666667,1.9720265943665378,7.118052168020874,0.0
4,156.0,346.5,2.8284271247461903,3.4641016151377544,1.5707963267948966
5,216.80612244897958,195.3673469387755,9.6576605891474,12.922441087372611,1.561982286115913
6,224.6,90.93333333333334,3.771236166328254,4.9746021616473675,1.4056476493802696
7,231.37640449438203,101.95505617977528,12.907628266484542,17.55868477518856,-1.557480545082011
8,236.1888888888889,40.5,12.911933421891476,17.741351570710602,1.5707963267948966
