,centroidx,centroidy,minor_axis_length,major_axis_length,orientation
0,4.1015625,118.1328125,10.655034328358582,32.538791892700935,1.4674734074326303
1,21.504424778761063,169.25221238938053,12.134699275429389,25.831585429767117,1.3088511069279773
2,53.5,193.5,12.321100754783389,17.331501734730097,1.5707963267948966
3,149.5,38.0,4.0,4.898979485566356,1.5707963267948966
4,177.55357142857142,65.58928571428571,10.181438849810501,13.96502690355293,1.5622515823172534
5,267.12280701754383,272.8070175438597,12.783040489085783,17.027393628500782,-1.567137665643297
6,354.6981132075472,59.0,7.103967774037792,9.484843918111853,1.5707963267948966
