,centroidx,centroidy,minor_axis_length,major_axis_length,orientation
0,105.6,101.0,4.525483399593904,6.974238309665077,1.5707963267948966
1,176.171875,205.21875,7.727276725107633,10.549924794215826,-1.5348755609270734
2,184.91666666666666,447.8333333333333,2.9693109114997,4.894994431930091,1.4064408273784121
3,194.6,9.933333333333334,3.771236166328254,4.9746021616473675,1.4056476493802696
4,213.46733668341707,446.6532663316583,13.866175263636906,18.260526195901363,1.5609736880900997
5,280.4736842105263,333.30526315789473,9.617847422086841,12.599716498429789,1.5370529905236934
6,287.10843373493975,129.34939759036143,8.790053967871186,11.992601139377088,-1.4741995186138885
7,309.5,77.725,8.390470785361213,12.099173525493384,1.5707963267948966
