,centroidx,centroidy,minor_axis_length,major_axis_length,orientation
0,3.358974358974359,16.628205128205128,8.37446545973675,11.847533699441527,1.5579138352430955
1,56.40909090909091,182.8409090909091,6.184838121664112,8.971249333225165,1.4591057336650612
2,101.3160621761658,144.65284974093265,13.601294326816328,18.068279136893253,1.5595579308579464
3,168.30769230769232,72.5,5.055900530816919,6.586699885725429,1.5707963267948966
4,203.28125,273.5,7.825239612944769,10.392304845413264,1.5707963267948966
5,207.7826086956522,456.5,6.562769483169812,8.973390615059326,1.5707963267948966
6,237.14583333333334,296.40625,10.093355655953191,15.043601147708172,0.3784068276951279
7,320.7225806451613,477.01290322580644,12.252429978914833,16.13727528675357,1.5440576197307372
8,341.34722222222223,346.875,8.204484939873279,11.12837579609203,-1.4963189550571814
